{"cameraMode":{"drawMode":0,"name":"Shaded","section":"Shading Mode"},"sceneLighting":true,"audioPlay":false,"sceneViewState":{"m_AlwaysRefresh":false,"showFog":true,"showSkybox":true,"showFlares":true,"showImageEffects":true,"showParticleSystems":true,"showVisualEffectGraphs":true,"m_FxEnabled":true},"in2DMode":false,"pivot":{"x":0.17103737592697144,"y":2.4815421104431154,"z":-0.8791935443878174},"rotation":{"x":0.03299368917942047,"y":0.004497532732784748,"z":-0.00014847141574136913,"w":0.9994450807571411},"size":1.1845831871032715,"orthographic":false}